UDF,RK,PC,RD,mean,std,q1,median,q3
20_nested_loops_np,3,3.0,3,106.85106387808993,1.9875684948347223,105.47713972814381,106.40457687108433,108.03185849069705
20_nested_loops_pp,3,3.0,3,59.01369260937594,1.8954360870912028,57.35743145355308,58.551638339973906,60.50166718967158
20_nested_loops_np,4,3.0,3,110.40083917852681,3.969054358949324,107.64304793313306,110.87910539965101,112.35176958492147
20_nested_loops_pp,4,3.0,3,60.426711511335874,2.453160771796153,58.81105060602847,59.411420948088306,61.99665999110245
20_nested_loops_np,5,3.0,3,113.66026927948548,0.6373471629124836,113.26581308804451,113.64349253212346,114.21206233660493
20_nested_loops_pp,5,3.0,3,61.99410222323219,1.4795998870912686,61.48124948532575,62.40060427039862,62.97560856118798
20_nested_loops_np,3,4.5,3,105.59614412180693,2.2133427173929276,103.68993043711389,105.31686489947158,106.9820408944657
20_nested_loops_pp,3,4.5,3,59.6178603638766,0.6745193571893605,59.26971949250915,59.853670416589296,60.146541610374115
20_nested_loops_np,4,4.5,3,108.06849039661114,2.110388588145892,106.62142339069396,107.85833945960843,109.36061037045202
20_nested_loops_pp,4,4.5,3,59.40293142204366,0.5175616602422554,59.010774377217814,59.40083034507829,59.86635468510424
20_nested_loops_np,5,4.5,3,113.28156870268285,1.2190174259442994,112.32365671452135,113.5850627757609,114.21224435046315
20_nested_loops_pp,5,4.5,3,61.848182341456415,0.5625644291539856,61.5505054788664,61.983246544376016,62.255724027752876
20_nested_loops_np,3,6.0,3,110.41838087347585,1.6217860085230937,108.98588674794883,110.31108324415982,111.44201731742879
20_nested_loops_pp,3,6.0,3,59.965396019717915,0.4255613052484224,59.77024602238089,59.91405784897506,60.177746326262046
20_nested_loops_np,4,6.0,3,104.48052946810779,1.1840948516465626,103.31668221832808,104.71108864552936,105.53764233774587
20_nested_loops_pp,4,6.0,3,59.79407675253631,0.95454806380929,59.2249028008757,59.73208469658942,60.50202127805919
20_nested_loops_np,5,6.0,3,115.33202063658112,1.2682643773012803,114.37513916380702,115.27682489115588,115.84970029536635
20_nested_loops_pp,5,6.0,3,63.21254608211783,0.4836780066587504,62.93810308724642,63.07006402872503,63.40771038937979
