UDF,RK,PC,RD,mean,std,q1,median,q3
20_nested_loops_np,3,3.0,6,192.5997656920073,0.9262625237856612,191.8467322579816,192.6823673769832,193.19905789155436
20_nested_loops_pp,3,3.0,6,30.67539017358094,0.4737058515046473,30.201991215348244,30.569220834873143,31.0930861268862
20_nested_loops_np,4,3.0,6,250.84181907560182,1.3861292881751095,249.6686630307346,251.01314877718687,251.91143760830164
20_nested_loops_pp,4,3.0,6,31.472808173117812,0.5912235398449529,30.91831898794972,31.731171879917383,31.89014596119523
20_nested_loops_np,5,3.0,6,227.35914954310792,1.0110733688033389,226.35013552934691,226.940454736352,228.19134527548596
20_nested_loops_pp,5,3.0,6,30.495381634701314,0.5512594675911696,30.18488067761064,30.720093834106,30.930281945307744
20_nested_loops_np,3,4.5,6,198.72202217172955,3.1799335597665186,195.9320796812508,199.7590840332728,201.38170312373703
20_nested_loops_pp,3,4.5,6,30.12719770540822,0.524490858455186,29.78392621605393,30.3111751249217,30.56624087089461
20_nested_loops_np,4,4.5,6,261.4100640883652,7.469426054167999,253.50805726647377,260.03797673016777,268.79462862413584
20_nested_loops_pp,4,4.5,6,32.42123146964805,0.6328712429506169,31.839561888756272,32.61433245216048,32.79987332707088
20_nested_loops_np,5,4.5,6,227.0617498072375,1.9084127384513698,225.23180140694024,228.01500871626135,228.78485963093067
20_nested_loops_pp,5,4.5,6,32.71649527078827,1.0345248636713194,31.762146714907203,32.581619258948955,33.673449258585784
20_nested_loops_np,3,6.0,6,195.46564455765488,5.550253380792121,191.7898677844132,194.5135763905389,201.1708779402408
20_nested_loops_pp,3,6.0,6,29.107369646906662,1.300233163340811,28.75689903762851,28.807525578810555,30.20923301950097
20_nested_loops_np,4,6.0,6,260.0024708381288,4.0956072363957405,258.5561293196749,260.48104235888627,263.62921022020487
20_nested_loops_pp,4,6.0,6,32.00529948930475,0.6248596703636136,31.554751344330118,31.846993944587272,32.54718648723162
20_nested_loops_np,5,6.0,6,218.99657525504074,5.693339358285842,215.1389293761028,215.6510957328319,224.64022907387135
20_nested_loops_pp,5,6.0,6,30.4612295071098,1.1461199934332558,29.561422481239365,30.471041245625432,31.15327612161828
