UDF,RK,PC,RD,mean,std,q1,median,q3
18_merge_join_np,3,3.0,9,286.90722872923266,5.0832890097253385,281.4446987594778,288.97151722015434,291.248621710399
18_merge_join_pp,3,3.0,9,33.75243846668828,0.9391341903750399,32.8339591734236,33.87235149949859,34.325391079662175
18_merge_join_np,4,3.0,9,367.16285470397696,6.02485051650782,362.264107832925,366.3922976963222,370.9712455357144
18_merge_join_pp,4,3.0,9,38.98791836201217,1.6473699259921248,37.758347594176456,39.37476869237085,39.76226494872437
18_merge_join_np,5,3.0,9,332.17740770183934,4.548014004921565,329.3613414867277,333.22678804025054,333.6122270169821
18_merge_join_pp,5,3.0,9,34.78866016834756,0.8572227797143323,34.14853909601283,35.02009335220121,35.35613512530859
18_merge_join_np,3,4.5,9,264.2434429205158,5.206878634227539,259.8832653651027,265.9646741043764,268.86725512599503
18_merge_join_pp,3,4.5,9,35.87917203133713,0.7273113881813972,35.78021979103985,35.89123101643069,36.15187089774206
18_merge_join_np,4,4.5,9,366.21229748694157,9.683142035702405,356.44630739695344,365.3018603362143,374.346170172589
18_merge_join_pp,4,4.5,9,35.12275161313387,1.5654070374302573,34.121064699576685,35.039010460408065,36.56882559703623
18_merge_join_np,5,4.5,9,351.139911487626,6.56537796619541,345.851889736901,349.5792974107225,357.8386665158795
18_merge_join_pp,5,4.5,9,43.33164347574092,0.7998844202126779,43.031331383910896,43.48090083524585,43.75331610511475
18_merge_join_np,3,6.0,9,277.4465676567896,7.256497508009813,270.607640376889,277.3414198842772,285.4142606485248
18_merge_join_pp,3,6.0,9,36.64321627368685,0.545959302098872,36.315642225282666,36.48565900698507,37.11203194639995
18_merge_join_np,4,6.0,9,358.54413732252334,6.08290247310076,355.466706498542,361.6606966360712,363.0150402686998
18_merge_join_pp,4,6.0,9,36.04096858372491,1.2057184947647428,35.10458176484296,35.910572670478224,36.57473849505186
18_merge_join_np,5,6.0,9,350.5357640011256,7.980615879065657,343.5857872353799,350.4168206965475,355.5531915571653
18_merge_join_pp,5,6.0,9,34.33622823115204,1.0397427397137884,33.323590419694455,34.343914080025165,34.98971951007843
