UDF,RK,PC,RD,mean,std,q1,median,q3
17_left_join_np,3,3.0,9,754.8758254223062,11.705585736696866,745.7607354434398,757.0941097940112,760.9008557244608
17_left_join_pp,3,3.0,9,231.49475941926474,6.699815576202748,229.1998878063096,233.56264600605277,236.48862791346068
17_left_join_np,3,4.5,9,784.3758304284555,10.848787440384918,774.0703763065162,785.3041469102689,789.1931015144909
17_left_join_pp,3,4.5,9,208.25437345098942,3.078567143019216,206.5324970293478,207.37605929206035,210.8072856434891
17_left_join_np,3,6.0,9,793.2277597036461,10.853281411636296,781.0121891768349,789.9805949945385,804.5623613005536
17_left_join_pp,3,6.0,9,177.36676917112547,2.286727446300492,176.22751250579648,176.6509295084719,177.5756187793347
17_left_join_np,4,3.0,9,1034.0608689959272,28.630945692474306,1009.741601207746,1033.9471458420155,1044.5486124579131
17_left_join_pp,4,3.0,9,172.2898145275619,1.6449244179289322,170.8295779993407,172.16669531640315,173.13477248661067
17_left_join_np,4,4.5,9,1001.7731783445195,32.85424195476968,967.4129837676142,997.8682898312292,1032.436644530492
17_left_join_pp,4,4.5,9,171.47956948227096,3.5943232713213167,168.89428789454655,171.20261465607098,174.36297742126058
17_left_join_np,4,6.0,9,995.9725824847347,25.732475543667523,977.6140512975464,982.1823532250944,1006.8876318404116
17_left_join_pp,4,6.0,9,169.85386340151945,4.593316224894491,166.49203822772165,169.73080986097645,171.24849792929476
17_left_join_np,5,3.0,9,942.3163532537817,12.045612453418215,933.8214717015172,940.8731820256196,951.4391234247272
17_left_join_pp,5,3.0,9,162.89092309682576,4.216899717575444,157.93770213481704,164.2250749367218,166.74762528900004
17_left_join_np,5,4.5,9,927.9774802395584,18.726713395276512,918.8031858647712,930.5226062324848,945.2035597938224
17_left_join_pp,5,4.5,9,170.9660292206919,4.5660744560700754,166.88904797302752,169.76221080444446,176.25552834730706
17_left_join_np,5,6.0,9,892.6094400768429,17.38229417865657,880.1079150263412,881.7311532718034,907.596484725893
17_left_join_pp,5,6.0,9,163.00122692481173,2.6506358665065264,162.0188634935032,163.34241145488966,165.29070312659928
