UDF,RK,PC,RD,mean,std,q1,median,q3
17_left_join_np,3,3.0,3,275.7862609793851,3.209983425748631,272.76626358926296,275.05467415787143,278.7425100877881
17_left_join_pp,3,3.0,3,60.87555854701936,1.6905760603466453,59.79284452274442,61.458469231343926,62.07940785214305
17_left_join_np,4,3.0,3,360.0564461189724,2.124084011877182,359.38306484210483,359.85971650481224,361.5318183656305
17_left_join_pp,4,3.0,3,71.0173640636786,0.5612367384878738,70.67699445784092,71.2031235769391,71.48610827900701
17_left_join_np,5,3.0,3,322.3307426397396,2.1142997509644075,320.8092044328402,321.1974585163945,324.5289724469185
17_left_join_pp,5,3.0,3,65.63265862780558,1.0992326143340694,64.85799718498379,65.4727817364037,66.44789632037282
17_left_join_np,3,4.5,3,279.4727503052315,17.492340678489818,261.5942682026445,279.55554878980166,296.0931115263717
17_left_join_pp,3,4.5,3,63.8186638297251,1.4501475913469366,62.87582741640498,64.48910601666034,65.03137352681846
17_left_join_np,4,4.5,3,370.50894315550556,6.520242886350659,365.2972229596599,371.3683972327949,376.4125948716474
17_left_join_pp,4,4.5,3,67.4317053904677,1.4452597102241285,66.28713095083248,66.91109340779126,68.57421628211762
17_left_join_np,5,4.5,3,310.88843717726286,7.083528019699595,305.948211216791,309.1662806123004,317.41917322680206
17_left_join_pp,5,4.5,3,65.91325874138356,1.2855934577976988,65.25164219569108,65.94846032558549,66.94233166841738
17_left_join_np,3,6.0,3,277.2609321716182,4.377636418171265,272.39030512564324,277.84553710261736,281.8666151173623
17_left_join_pp,3,6.0,3,57.21102788535494,2.22183923378222,55.47412715740613,57.72324428836685,58.76234506443143
17_left_join_np,4,6.0,3,369.1162165583006,6.246876749984696,369.890041736085,371.5184815663003,373.9271579633488
17_left_join_pp,4,6.0,3,68.96467983022667,2.421182812925979,66.72511855389523,68.75431649632081,71.06498441866943
17_left_join_np,5,6.0,3,331.16839511467685,2.5739047706619376,329.4501971156719,330.9210747463807,334.0047963524353
17_left_join_pp,5,6.0,3,64.89776104061455,1.1834931109573605,64.16903427224051,65.24015838652849,65.36776915434307
