UDF,RK,PC,RD,mean,std,q1,median,q3
16_large_agg_fp,3,3.0,3,88.40386463230173,3.393505812762675,85.58093665729209,89.06546833924949,91.42731480680823
16_large_agg_np,3,3.0,3,184.0511057503959,5.5989496898213895,182.04898929223418,185.7508462659413,187.8617617589121
16_large_agg_fp,4,3.0,3,90.49730508223135,0.7276043741708765,89.68134888754832,90.55782263734298,91.19910330094297
16_large_agg_np,4,3.0,3,172.12619297999942,2.5665146019999883,170.93996791671492,172.0556905173633,173.074778277265
16_large_agg_fp,5,3.0,3,87.66692372551188,10.029712973590211,81.25608138740063,82.08882304094732,88.80331929773092
16_large_agg_np,5,3.0,3,177.73489297786728,11.5412008534993,166.27162142284214,176.7982848379761,187.84190225880593
16_large_agg_fp,3,4.5,3,94.67149653663094,1.6186001370083412,93.75028294123022,94.59188880692264,95.22004715391365
16_large_agg_np,3,4.5,3,183.03225647085517,2.8088808566642576,181.26688298355884,183.15458243468748,184.93564663208878
16_large_agg_fp,4,4.5,3,89.1421783180565,0.9227915627946927,88.60334334806026,89.07335327424869,89.70996930293367
16_large_agg_np,4,4.5,3,168.3617662719929,2.122016727441369,166.97181224202808,168.0894152609132,169.50155857671052
16_large_agg_fp,5,4.5,3,82.07348171062766,4.185320882765902,79.0703181810677,80.89296953566372,84.03178619779645
16_large_agg_np,5,4.5,3,168.12900955509394,8.001883672941304,162.11273007746783,167.9576380327344,174.0979490019381
16_large_agg_fp,3,6.0,3,87.80812793039236,1.4503432389167672,86.79024314833805,86.95916888463898,88.35892244078178
16_large_agg_np,3,6.0,3,172.9404662943299,3.8989773995291683,169.95634297702355,171.7200886297735,175.5900063828815
16_large_agg_fp,4,6.0,3,86.8898626701711,2.616819636171155,85.69227702410328,86.93374862428755,88.64867244802669
16_large_agg_np,4,6.0,3,166.9171626192536,2.8836447510407566,163.889477969185,168.59398512728512,169.26083822876205
16_large_agg_fp,5,6.0,3,87.88192383537849,10.910624221129734,80.45373979397118,86.70993067681567,87.52784587088269
16_large_agg_np,5,6.0,3,171.74209368977222,7.909511131299491,166.5156754180789,168.71646250784397,176.89223296071356
