UDF,RK,PC,RD,mean,std,q1,median,q3
18_merge_join_np,3,3.0,6,187.76390379826938,35.0021685937282,171.15367442928255,174.3294038027525,177.8376263845712
18_merge_join_pp,3,3.0,6,24.598817444805587,5.154474678235055,22.076171953231096,22.614232443273067,23.256017765030265
18_merge_join_np,4,3.0,6,166.55425606804437,5.165309822838572,164.6649136730746,166.0941612869501,167.3846872285277
18_merge_join_pp,4,3.0,6,23.886585931717043,5.579550670442881,20.646027628332376,21.475065232218938,26.31387392692453
18_merge_join_np,5,3.0,6,179.90908738345416,4.384360824182812,175.26466076717986,180.6819590330124,183.88332390931086
18_merge_join_pp,5,3.0,6,23.770085072271712,2.527910274067738,21.699545987348074,21.8834346793592,26.097183995161966
18_merge_join_np,3,4.5,6,152.94171240008058,29.991232307671382,130.35707252694218,148.2400606842819,185.03749367408452
18_merge_join_pp,3,4.5,6,28.471387687936243,2.879822404394391,26.87553509674813,28.223415424107202,29.789682324293693
18_merge_join_np,4,4.5,6,177.11201664784397,6.056457838965971,171.76552962884307,175.47893293943633,182.81726078786596
18_merge_join_pp,4,4.5,6,23.38586375699127,3.7353822306179065,20.65310161933303,22.590454718742105,26.380286255932795
18_merge_join_np,5,4.5,6,175.29471618992432,5.009021097610364,170.2232861025259,175.4840602668234,179.137306920162
18_merge_join_pp,5,4.5,6,24.16500252206072,4.832202099130449,19.831892546266314,22.795779970322503,27.65504052180119
18_merge_join_np,3,6.0,6,175.92047122125132,4.372144070219013,174.87165704620452,177.6056991162552,178.55728081269484
18_merge_join_pp,3,6.0,6,25.475297460216986,2.4192089807008643,23.088712989236896,26.389856553087185,27.50473716447064
18_merge_join_np,4,6.0,6,186.05214179088546,24.827640715051277,169.20646174197992,174.5354162685424,192.89438904257364
18_merge_join_pp,4,6.0,6,24.599847790965903,4.788019374304976,21.03970219567418,22.1609808360462,27.132053228448317
18_merge_join_np,5,6.0,6,172.9227304971576,3.185043988039944,171.05134146567434,172.25765538048736,175.87514852204865
18_merge_join_pp,5,6.0,6,23.192568564178536,1.8248290359025177,21.667995345334905,23.02207086235285,24.291544815710232
