UDF,RK,PC,RD,mean,std,q1,median,q3
20_nested_loops_np,3,3.0,9,232.59801798035494,1.7602100417667774,231.9140989670301,232.9240432262734,233.2710585968768
20_nested_loops_pp,3,3.0,9,122.0479490638623,1.1769896311859982,121.0381515312197,122.11792553270176,123.0343094201806
20_nested_loops_np,3,4.5,9,228.87496872389988,2.742015019320027,227.66983477119356,229.13099224340107,230.9726096023735
20_nested_loops_pp,3,4.5,9,123.49432196388705,1.5501337233986092,122.5206104655485,123.31016658619046,124.40611875689648
20_nested_loops_np,3,6.0,9,234.52294086839186,4.857317806014724,231.5926211472546,235.0938238350255,238.0993003892473
20_nested_loops_pp,3,6.0,9,122.28344718905801,0.9690362406404857,121.89947199221167,122.18132270608862,122.78585789632052
20_nested_loops_np,4,3.0,9,244.3686657537818,1.2821274163303316,243.49443325043086,244.0825484245975,245.37863515823528
20_nested_loops_pp,4,3.0,9,119.22694870212962,2.1928881198550334,117.11110939646605,119.18083099888622,121.3374230449079
20_nested_loops_np,4,4.5,9,237.9619907786311,3.001320123488699,235.79100829721912,238.55101940084307,239.86259118848423
20_nested_loops_pp,4,4.5,9,108.54746129943058,0.8879529583150751,108.1493039149791,108.7285314975147,108.93793770808095
20_nested_loops_np,4,6.0,9,235.70277357030724,1.384867456882284,234.6419444363326,235.87883243728209,236.88124824799186
20_nested_loops_pp,4,6.0,9,110.01114428563213,2.254511800607043,109.21125228622904,110.94257253171739,111.60312277398324
20_nested_loops_np,5,3.0,9,242.74908338169192,1.8218148169672912,241.60442149359733,242.32449800533007,243.2989393447171
20_nested_loops_pp,5,3.0,9,118.99516096417986,0.6362562509302433,118.49234897270799,119.07920790969663,119.50820497236003
20_nested_loops_np,5,4.5,9,247.15491600818933,4.819666089971354,242.1312621794641,248.65559418313205,250.4318401683122
20_nested_loops_pp,5,4.5,9,119.94038585796952,1.91964839288055,118.2923940597102,120.3145035598427,121.79464805778116
20_nested_loops_np,5,6.0,9,253.68383142369782,2.2971546068175925,252.35066050697304,253.27084757946432,254.61447832825576
20_nested_loops_pp,5,6.0,9,123.02257280042889,0.795452362924141,122.67732290644199,122.91820979304612,123.2616462448928
