UDF,RK,PC,RD,mean,std,q1,median,q3
17_left_join_np,3,3.0,1,113.91988433510497,1.7466498646137567,112.80110229199286,114.44938542693853,115.57330228961074
17_left_join_pp,3,3.0,1,72.83760877731515,1.087839581710767,72.15472207497805,72.80145306698978,73.61567705633489
17_left_join_np,4,3.0,1,115.32697481819852,0.7944569136186982,114.67202894558645,115.61252540052858,116.08593777442924
17_left_join_pp,4,3.0,1,72.15999114769895,0.8479911299063664,71.59414425090817,72.02446724039763,73.01370443772655
17_left_join_np,5,3.0,1,116.35345689441979,0.982936905749903,115.66175726245515,116.40290774655168,117.00869116344026
17_left_join_pp,5,3.0,1,73.60790026807598,0.7474308735082847,72.96800196263939,73.38973969779909,74.17230392816722
17_left_join_np,3,4.5,1,113.30167976974337,0.6262222985311755,112.76346234784754,113.05415725510494,113.82604474790755
17_left_join_pp,3,4.5,1,71.47500388874731,0.23985218626537066,71.28958967100867,71.50155479647219,71.62243149902989
17_left_join_np,4,4.5,1,108.84841888746845,4.16989668925227,106.34777447488159,108.30139562012994,112.5128737117274
17_left_join_pp,4,4.5,1,67.50972402348552,1.2034508337688599,67.08844858432805,67.41577432163886,68.6537966253236
17_left_join_np,5,4.5,1,107.03849071051008,0.8785661296875082,106.39495889077796,106.79699687502762,107.50769913289695
17_left_join_pp,5,4.5,1,68.73231396302305,0.5608279789941408,68.21867419593036,68.6156337712488,69.2267650037046
17_left_join_np,3,6.0,1,114.6392273219867,1.2439943720080628,113.29909300431608,114.81283604340318,115.244344628416
17_left_join_pp,3,6.0,1,73.99992773883123,0.5161063138792197,73.57599101960659,73.7674408189526,74.41267681314378
17_left_join_np,4,6.0,1,110.88572637485865,3.089686520360865,108.19674600005747,109.67799982959487,113.07514922466666
17_left_join_pp,4,6.0,1,74.0508353133331,2.7379050385343264,72.43684341975093,74.24463230970315,76.24421769631041
17_left_join_np,5,6.0,1,114.65573451071978,3.70352684492784,111.203230638057,114.78352100029588,118.15408582612874
17_left_join_pp,5,6.0,1,72.85686963573099,2.5288106532631356,70.60635972674936,72.8597480673343,75.36141250096262
